animal,x,y
crocodile,0.4026922643895692,1.9784521421092038
elephant,1.5082205282086583,2.320412494066042
llama,1.3305203744930276,0.8168711086804287
snake,0.7158465780916972,1.1921449762153187
